id,first_name,last_name,email,gender,ip_address
1,Winfield,Westmore,wwestmore0@sakura.ne.jp,Male,234.35.240.135
2,Crissy,Olenichev,colenichev1@cnet.com,Female,40.142.1.52
3,Gordon,Arndell,garndell2@tinypic.com,Male,114.150.234.88
4,Barbie,Dulling,bdulling3@dropbox.com,Female,109.188.204.191
5,Colline,Olley,colley4@phoca.cz,Female,232.144.123.123
6,Corie,Olexa,colexa5@wp.com,Female,93.67.231.39
7,Andre,Knapman,aknapman6@1688.com,Male,128.184.152.108
8,Ginelle,Tapin,gtapin7@bbb.org,Female,232.0.100.223
9,Jerrie,Battaille,jbattaille8@disqus.com,Male,254.145.85.200
10,Lin,Balcombe,lbalcombe9@google.co.jp,Male,118.1.95.87
11,Kincaid,Fleckney,kfleckneya@blogger.com,Male,252.219.180.70
12,Gianina,Broseman,gbrosemanb@oakley.com,Female,192.7.234.65
13,Derward,Weaver,dweaverc@mayoclinic.com,Male,116.182.219.11
14,Cristin,Tarver,ctarverd@soup.io,Female,71.61.119.155
15,Leonardo,Udey,ludeye@bloomberg.com,Male,197.134.26.12
16,Eunice,Knotton,eknottonf@delicious.com,Female,0.230.212.71
17,Burnaby,Skellion,bskelliong@macromedia.com,Male,169.89.180.221
18,Guillemette,Loache,gloacheh@about.com,Female,90.144.89.215
19,Filmore,Conningham,fconninghami@liveinternet.ru,Male,130.214.96.69
20,Norry,Turbill,nturbillj@nature.com,Male,161.143.125.214
21,Gisela,Collcutt,gcollcuttk@mapy.cz,Female,118.136.178.85
22,Garvy,Stopp,gstoppl@va.gov,Male,54.56.46.246
23,Antin,Feragh,aferaghm@uiuc.edu,Male,58.54.211.205
24,Rickie,Crudginton,rcrudgintonn@nba.com,Male,211.15.240.229
25,Ramonda,de Mullett,rdemulletto@buzzfeed.com,Female,199.206.234.106
26,Ariella,Blazey,ablazeyp@va.gov,Female,69.121.57.2
27,Ikey,Extal,iextalq@state.tx.us,Male,229.18.131.185
28,Sheilakathryn,Tudball,studballr@europa.eu,Female,6.220.166.124
29,Martina,Springell,mspringells@deliciousdays.com,Female,125.143.167.165
30,Berna,Firman,bfirmant@narod.ru,Female,100.238.236.62
31,Dionis,Swyer-Sexey,dswyersexeyu@chicagotribune.com,Female,152.197.230.153
32,Shelby,Sansam,ssansamv@indiegogo.com,Female,189.80.158.247
33,Pryce,Bidgood,pbidgoodw@tmall.com,Male,178.198.28.250
34,Anstice,Mathieu,amathieux@gov.uk,Female,61.196.100.238
35,Ealasaid,Fullerton,efullertony@home.pl,Female,44.149.129.108
36,Thomasa,Gwilliams,tgwilliamsz@facebook.com,Female,124.71.220.142
37,Terra,Cheng,tcheng10@house.gov,Female,53.28.107.157
38,Nicola,De Rye Barrett,nderyebarrett11@bing.com,Female,54.241.2.49
39,Rozanne,Rhodus,rrhodus12@flavors.me,Female,92.230.247.242
40,Coriss,Vigietti,cvigietti13@chron.com,Female,185.134.217.222
41,Twila,Flowitt,tflowitt14@ow.ly,Female,92.244.72.119
42,Son,Kidwell,skidwell15@ocn.ne.jp,Male,52.25.204.148
43,Cullie,Slorance,cslorance16@oaic.gov.au,Male,198.170.128.130
44,Opalina,Minkin,ominkin17@mapy.cz,Female,60.102.217.28
45,Denice,Mereweather,dmereweather18@yellowbook.com,Female,89.249.205.150
46,Morten,O'Hanlon,mohanlon19@youku.com,Male,156.152.123.145
47,Duffie,Salaman,dsalaman1a@fda.gov,Male,6.85.141.178
48,Benson,Swatland,bswatland1b@spiegel.de,Male,53.82.198.186
49,Cyrus,Aubert,caubert1c@engadget.com,Male,241.210.26.84
50,Cletus,Oller,coller1d@constantcontact.com,Male,39.186.206.39
51,Colby,Riehm,criehm1e@pen.io,Male,98.87.10.230
52,Keefer,Kneaphsey,kkneaphsey1f@nhs.uk,Male,164.123.194.217
53,Lolly,Seagar,lseagar1g@mashable.com,Female,177.191.1.42
54,Douglass,Peracco,dperacco1h@amazon.co.jp,Male,245.69.10.224
55,Kennedy,Braz,kbraz1i@tinyurl.com,Male,69.120.248.123
56,Latashia,Iacovides,liacovides1j@reddit.com,Female,198.15.176.234
57,Doyle,Dellenbrok,ddellenbrok1k@delicious.com,Male,205.27.78.188
58,Tiff,Brimicombe,tbrimicombe1l@pen.io,Female,6.5.206.197
59,Britni,Pizzey,bpizzey1m@reference.com,Female,93.98.13.78
60,Carlin,Raggatt,craggatt1n@uol.com.br,Female,240.206.66.64
61,Eward,Treppas,etreppas1o@free.fr,Male,88.23.136.65
62,Ralph,McKerron,rmckerron1p@rakuten.co.jp,Male,158.70.229.245
63,Cindelyn,Goosnell,cgoosnell1q@t.co,Female,229.217.220.210
64,Jens,Rouby,jrouby1r@dedecms.com,Male,27.214.33.30
65,Raphaela,Haggata,rhaggata1s@oaic.gov.au,Female,86.124.230.128
66,Fran,Ellen,fellen1t@exblog.jp,Female,193.213.27.82
67,Allina,Gennrich,agennrich1u@ted.com,Female,192.54.110.207
68,Stella,Margach,smargach1v@amazon.co.uk,Female,72.6.14.45
69,Etti,Genny,egenny1w@topsy.com,Female,181.243.111.245
70,Kalila,Lestrange,klestrange1x@prlog.org,Female,90.86.125.165
71,Niki,Rosenfelder,nrosenfelder1y@dyndns.org,Male,153.235.231.72
72,Kerry,Delahunty,kdelahunty1z@example.com,Male,215.142.185.231
73,Fionnula,Royson,froyson20@latimes.com,Female,206.25.161.88
74,Fanya,Dabney,fdabney21@accuweather.com,Female,115.120.21.131
75,Brock,Stukings,bstukings22@ox.ac.uk,Male,87.157.197.20
76,Bethanne,Arrell,barrell23@wikimedia.org,Female,129.79.181.167
77,Carita,Theunissen,ctheunissen24@ft.com,Female,156.164.212.7
78,Burke,Palmar,bpalmar25@omniture.com,Male,146.169.161.61
79,Elva,Lowes,elowes26@fc2.com,Female,80.14.223.59
80,Cherice,Vicary,cvicary27@blogtalkradio.com,Female,22.213.59.71
81,Aloisia,Hallworth,ahallworth28@foxnews.com,Female,69.153.71.87
82,Madelle,Semmence,msemmence29@163.com,Female,219.6.140.92
83,Moe,Clayson,mclayson2a@phoca.cz,Male,39.57.118.177
84,Ami,Quinevan,aquinevan2b@go.com,Female,207.26.44.12
85,Korey,Astill,kastill2c@senate.gov,Male,157.247.51.235
86,Tracy,Heeps,theeps2d@wisc.edu,Male,58.49.194.148
87,Gilles,Kleinplatz,gkleinplatz2e@bloglovin.com,Male,122.21.209.96
88,Amandi,Minchinden,aminchinden2f@jigsy.com,Female,116.207.210.248
89,Winnah,Burbidge,wburbidge2g@trellian.com,Female,65.204.8.206
90,Douglass,Sorsbie,dsorsbie2h@usnews.com,Male,97.56.252.168
91,Lyon,Siemons,lsiemons2i@ycombinator.com,Male,107.15.255.25
92,Glenden,Swede,gswede2j@google.pl,Male,232.103.31.201
93,Taite,Helsby,thelsby2k@moonfruit.com,Male,98.194.6.91
94,Benedict,Tippler,btippler2l@oakley.com,Male,41.200.255.133
95,Christal,Bellows,cbellows2m@blogger.com,Female,225.109.30.215
96,Lorin,Spering,lspering2n@acquirethisname.com,Male,204.18.116.163
97,Bradford,Northern,bnorthern2o@about.me,Male,227.165.74.182
98,Xaviera,Pisco,xpisco2p@wunderground.com,Female,109.255.55.217
99,Manfred,Fateley,mfateley2q@europa.eu,Male,3.120.206.153
100,Gaby,Sutehall,gsutehall2r@nps.gov,Female,30.132.162.123
101,Morgan,Pepon,mpepon2s@exblog.jp,Male,254.183.189.146
102,Sebastian,Simonot,ssimonot2t@ehow.com,Male,234.96.75.160
103,Bendick,De Simoni,bdesimoni2u@sina.com.cn,Male,15.76.159.224
104,Verge,Bick,vbick2v@geocities.com,Male,117.77.27.253
105,Geordie,Neillans,gneillans2w@imageshack.us,Male,189.113.99.12
106,Gennifer,Manuello,gmanuello2x@tmall.com,Female,99.94.136.241
107,Cicely,Myhan,cmyhan2y@sitemeter.com,Female,246.82.43.44
108,Sophey,Kern,skern2z@army.mil,Female,253.159.218.150
109,Eddy,Birds,ebirds30@army.mil,Male,87.87.28.93
110,Aron,Gronous,agronous31@bloomberg.com,Male,32.18.248.241
111,Allard,Barrable,abarrable32@wordpress.com,Male,76.230.64.66
112,Rebecca,Digby,rdigby33@surveymonkey.com,Female,51.32.160.188
113,Herschel,Cobson,hcobson34@sfgate.com,Male,122.225.182.2
114,Torie,Citrine,tcitrine35@google.pl,Female,96.237.49.170
115,Marcelo,Cotsford,mcotsford36@tinypic.com,Male,157.3.111.86
116,Paige,Tilbey,ptilbey37@privacy.gov.au,Female,179.29.138.181
117,Rosette,McDonogh,rmcdonogh38@nasa.gov,Female,110.230.85.63
118,Orsa,Kirrens,okirrens39@si.edu,Female,70.149.148.141
119,Courtnay,Krzysztofiak,ckrzysztofiak3a@nhs.uk,Female,238.197.238.108
120,Casey,O'Meara,comeara3b@wp.com,Female,89.155.90.226
121,Crawford,Stainton,cstainton3c@indiatimes.com,Male,230.164.165.208
122,Felicle,Niche,fniche3d@vimeo.com,Female,242.208.150.9
123,Montgomery,Durrant,mdurrant3e@shop-pro.jp,Male,247.35.98.93
124,Ellwood,Kynoch,ekynoch3f@delicious.com,Male,215.127.67.222
125,Olin,Pollock,opollock3g@marriott.com,Male,108.0.251.148
126,Kanya,Farahar,kfarahar3h@posterous.com,Female,182.225.166.101
127,Lorena,Brickell,lbrickell3i@flavors.me,Female,119.33.235.48
128,Astra,Dixsee,adixsee3j@163.com,Female,200.49.161.188
129,Skippy,Killough,skillough3k@plala.or.jp,Male,106.144.89.119
130,Luke,Waddams,lwaddams3l@hc360.com,Male,197.226.232.39
131,Wallace,Busen,wbusen3m@ca.gov,Male,127.254.216.62
132,Wini,Cridlan,wcridlan3n@cafepress.com,Female,10.215.133.179
133,Catharina,Matzkaitis,cmatzkaitis3o@illinois.edu,Female,166.35.229.118
134,Dulciana,Maffezzoli,dmaffezzoli3p@berkeley.edu,Female,233.21.11.107
135,Matt,Tower,mtower3q@google.ru,Male,161.16.70.14
136,Lydon,McGinny,lmcginny3r@mashable.com,Male,110.15.250.80
137,Catarina,Speake,cspeake3s@who.int,Female,40.77.11.37
138,Serge,Benning,sbenning3t@jigsy.com,Male,93.182.6.186
139,Freddie,O'Hannay,fohannay3u@wix.com,Female,137.144.64.253
140,Billy,Durrance,bdurrance3v@addtoany.com,Male,64.54.138.196
141,Marvin,Pybworth,mpybworth3w@answers.com,Male,156.131.142.107
142,Jerrilyn,Sabberton,jsabberton3x@epa.gov,Female,115.247.206.227
143,Lucine,Le Maitre,llemaitre3y@globo.com,Female,150.131.225.210
144,Sofie,Legg,slegg3z@hud.gov,Female,5.58.238.54
145,Sigfried,Buttner,sbuttner40@godaddy.com,Male,212.97.202.166
146,Rhiamon,Postan,rpostan41@wiley.com,Female,162.79.216.92
147,Bourke,Colliber,bcolliber42@dropbox.com,Male,101.36.134.81
148,Dyanne,Swendell,dswendell43@zdnet.com,Female,228.191.219.70
149,Jojo,Escalero,jescalero44@intel.com,Female,56.34.24.75
150,Gorden,Itshak,gitshak45@chronoengine.com,Male,90.93.240.168
151,Bea,Wycherley,bwycherley46@ifeng.com,Female,83.84.174.203
152,Benjie,McClory,bmcclory47@drupal.org,Male,187.2.210.91
153,Dorothea,Meader,dmeader48@tmall.com,Female,37.161.13.20
154,Haily,Czyz,hczyz49@shutterfly.com,Female,141.213.191.228
155,Jenni,McTrusty,jmctrusty4a@devhub.com,Female,220.92.87.10
156,Lindy,Whitwood,lwhitwood4b@google.com.au,Female,49.26.215.126
157,Caressa,Rowdell,crowdell4c@scientificamerican.com,Female,24.126.1.160
158,Fergus,Sancroft,fsancroft4d@unblog.fr,Male,80.45.29.192
159,Louie,Shipp,lshipp4e@ucsd.edu,Male,30.211.200.102
160,Annaliese,Whyffen,awhyffen4f@imdb.com,Female,126.171.57.106
161,Wanda,Bitchener,wbitchener4g@creativecommons.org,Female,97.235.255.95
162,Devan,Carless,dcarless4h@phoca.cz,Female,164.18.54.79
163,Fulvia,Miklem,fmiklem4i@cdc.gov,Female,53.40.142.191
164,Elbertine,Gremane,egremane4j@boston.com,Female,191.248.6.83
165,Barb,Picknett,bpicknett4k@eepurl.com,Female,192.234.162.88
166,Judye,Albin,jalbin4l@desdev.cn,Female,118.143.136.176
167,Garrot,Jepps,gjepps4m@state.tx.us,Male,245.216.208.202
168,Goraud,Brogi,gbrogi4n@paypal.com,Male,245.140.220.6
169,Queenie,Harriott,qharriott4o@cbsnews.com,Female,139.207.38.46
170,Tudor,Edmand,tedmand4p@vinaora.com,Male,111.25.15.33
171,Johnath,Burnard,jburnard4q@constantcontact.com,Female,118.118.114.94
172,Robinia,McQuaid,rmcquaid4r@parallels.com,Female,90.126.240.157
173,Bernice,Cowie,bcowie4s@columbia.edu,Female,92.38.25.14
174,Eachelle,Piesold,epiesold4t@upenn.edu,Female,249.145.184.254
175,Nikolai,Ceeley,nceeley4u@woothemes.com,Male,95.85.86.205
176,Tasia,Offner,toffner4v@timesonline.co.uk,Female,143.142.33.53
177,Cornelius,Bamfield,cbamfield4w@howstuffworks.com,Male,55.118.253.154
178,Haze,Alpine,halpine4x@theglobeandmail.com,Male,149.145.143.93
179,Farra,Cyster,fcyster4y@meetup.com,Female,239.154.198.50
180,Lincoln,Beaconsall,lbeaconsall4z@ning.com,Male,187.24.3.134
181,Roxi,Lacase,rlacase50@csmonitor.com,Female,209.202.129.131
182,Ulysses,Ruscoe,uruscoe51@illinois.edu,Male,37.160.162.27
183,Kareem,Gullberg,kgullberg52@people.com.cn,Male,200.34.121.137
184,Corine,Madine,cmadine53@google.com,Female,232.193.155.190
185,Constantina,Andri,candri54@twitter.com,Female,73.31.118.182
186,Danika,Cuckson,dcuckson55@dropbox.com,Female,239.4.41.221
187,Reena,Corstan,rcorstan56@imageshack.us,Female,26.218.91.162
188,Zelig,Guiett,zguiett57@cbslocal.com,Male,212.217.244.123
189,Ethe,Cranson,ecranson58@disqus.com,Male,21.78.24.140
190,Seana,Bramsom,sbramsom59@trellian.com,Female,40.1.130.4
191,Wes,Ast,wast5a@ehow.com,Male,108.237.201.14
192,Dar,Oliveira,doliveira5b@abc.net.au,Male,24.150.165.255
193,Amargo,Ackroyd,aackroyd5c@amazon.co.uk,Female,118.94.43.242
194,Kincaid,Worner,kworner5d@opensource.org,Male,94.184.135.121
195,Lynette,Wagstaff,lwagstaff5e@reverbnation.com,Female,101.6.182.33
196,Artemas,Bullock,abullock5f@marriott.com,Male,227.69.195.151
197,Koenraad,Blades,kblades5g@wufoo.com,Male,98.133.207.100
198,Meta,Eadie,meadie5h@npr.org,Female,108.194.178.42
199,Marillin,Miall,mmiall5i@imgur.com,Female,205.69.89.57
200,Chrissie,Cranefield,ccranefield5j@spiegel.de,Female,0.6.235.69
201,Kaiser,Dutnell,kdutnell5k@soundcloud.com,Male,12.26.212.131
202,Vanny,Skeene,vskeene5l@infoseek.co.jp,Female,52.235.30.233
203,Natalina,Graeme,ngraeme5m@cdc.gov,Female,44.125.100.152
204,Penny,Chalk,pchalk5n@narod.ru,Female,110.207.92.181
205,Farly,Sowerby,fsowerby5o@flickr.com,Male,167.37.44.206
206,Millard,Morit,mmorit5p@sfgate.com,Male,6.252.65.49
207,Chickie,De Cleen,cdecleen5q@desdev.cn,Male,198.212.146.128
208,Idette,Mackrill,imackrill5r@miitbeian.gov.cn,Female,123.73.107.59
209,Muhammad,de Keep,mdekeep5s@ucsd.edu,Male,188.236.47.163
210,Elton,Pitkaithly,epitkaithly5t@imgur.com,Male,126.127.17.235
211,Lianna,Lumsdale,llumsdale5u@fotki.com,Female,151.122.234.2
212,Tanitansy,Phillpot,tphillpot5v@go.com,Female,194.179.254.224
213,Maryrose,Alans,malans5w@domainmarket.com,Female,61.253.148.49
214,Paulita,Grellis,pgrellis5x@ask.com,Female,10.125.155.165
215,Willy,Beine,wbeine5y@chronoengine.com,Male,65.105.110.238
216,Townsend,Cronin,tcronin5z@networkadvertising.org,Male,64.203.62.41
217,Phillipp,Condit,pcondit60@prnewswire.com,Male,105.12.180.103
218,Cece,Farquarson,cfarquarson61@newyorker.com,Male,14.17.80.228
219,Carroll,Dowbekin,cdowbekin62@home.pl,Male,35.37.160.96
220,Shanta,Housley,shousley63@cbsnews.com,Female,45.228.145.174
221,Farlie,Mc Carrick,fmccarrick64@cbc.ca,Male,111.243.179.105
222,Carlina,Gumley,cgumley65@stanford.edu,Female,121.128.169.165
223,Carmelita,Irdale,cirdale66@github.io,Female,53.108.150.202
224,Pascal,Gaber,pgaber67@facebook.com,Male,117.148.44.197
225,Mathe,Durham,mdurham68@soup.io,Male,230.226.18.84
226,Bendick,Elsey,belsey69@cpanel.net,Male,92.251.152.186
227,Godiva,Rennolds,grennolds6a@deliciousdays.com,Female,68.137.213.155
228,Archibald,Snap,asnap6b@youtu.be,Male,220.59.13.217
229,Blaine,Avraam,bavraam6c@artisteer.com,Male,135.88.165.17
230,Trstram,Duncklee,tduncklee6d@businesswire.com,Male,187.252.169.156
231,Aymer,Lucy,alucy6e@e-recht24.de,Male,186.180.218.180
232,Evonne,Redmayne,eredmayne6f@dailymotion.com,Female,201.83.1.65
233,Paola,Mirfield,pmirfield6g@shutterfly.com,Female,191.171.63.71
234,Orson,Sabban,osabban6h@princeton.edu,Male,203.18.90.38
235,Murry,MacKain,mmackain6i@independent.co.uk,Male,51.57.255.60
236,Sindee,Corson,scorson6j@tumblr.com,Female,213.131.183.42
237,Carline,Basley,cbasley6k@oracle.com,Female,11.251.34.117
238,Ester,Cocklin,ecocklin6l@moonfruit.com,Female,57.196.168.63
239,Agace,Mousdall,amousdall6m@dyndns.org,Female,13.190.197.210
240,Osgood,Mockler,omockler6n@seattletimes.com,Male,101.180.29.171
241,Caldwell,Galiero,cgaliero6o@huffingtonpost.com,Male,60.114.147.174
242,Pauline,Lytton,plytton6p@github.io,Female,4.29.234.214
243,Star,Passion,spassion6q@livejournal.com,Female,100.214.246.180
244,Maggie,Grzes,mgrzes6r@ovh.net,Female,130.191.31.191
245,Krisha,Pasmore,kpasmore6s@ebay.co.uk,Male,88.31.155.127
246,Gabbey,Humbell,ghumbell6t@economist.com,Female,24.240.150.205
247,Fenelia,Shepland,fshepland6u@dailymotion.com,Female,220.183.64.223
248,Lexi,MacCaffery,lmaccaffery6v@illinois.edu,Female,30.82.210.44
249,Robbin,Stefi,rstefi6w@usa.gov,Female,187.242.130.83
250,Jaime,Studman,jstudman6x@flickr.com,Male,35.194.99.236
251,Duffie,Gipp,dgipp6y@lulu.com,Male,145.143.87.67
252,Mendy,Ryott,mryott6z@techcrunch.com,Male,204.102.35.76
253,Ward,Portsmouth,wportsmouth70@reuters.com,Male,126.86.193.86
254,Ralph,Ventum,rventum71@dion.ne.jp,Male,15.128.149.175
255,Pietrek,Wadeson,pwadeson72@comsenz.com,Male,43.48.57.206
256,Annamaria,Chellenham,achellenham73@msn.com,Female,31.127.10.43
257,Jacquenetta,Stonhard,jstonhard74@cornell.edu,Female,97.195.160.51
258,Skell,Sinott,ssinott75@unblog.fr,Male,194.184.213.103
259,Raynard,Piscotti,rpiscotti76@bravesites.com,Male,37.217.227.209
260,Flori,Scoular,fscoular77@rakuten.co.jp,Female,13.136.122.207
261,Vivia,Bodill,vbodill78@independent.co.uk,Female,230.48.103.67
262,Hadlee,Gutierrez,hgutierrez79@google.com.br,Male,88.46.67.18
263,Desmund,Cess,dcess7a@answers.com,Male,13.118.110.125
264,Moss,Puttergill,mputtergill7b@umn.edu,Male,146.69.145.71
265,Napoleon,Vedenisov,nvedenisov7c@umich.edu,Male,253.249.8.64
266,Mile,Saywood,msaywood7d@howstuffworks.com,Male,236.246.164.166
267,Yettie,Churches,ychurches7e@drupal.org,Female,108.53.0.211
268,Jacky,Barrow,jbarrow7f@berkeley.edu,Male,7.198.48.110
269,Joanne,McCullen,jmccullen7g@twitter.com,Female,237.32.116.227
270,Beale,Draye,bdraye7h@qq.com,Male,44.190.156.16
271,Tomas,Howey,thowey7i@arizona.edu,Male,251.48.167.64
272,Jacynth,Baylie,jbaylie7j@usatoday.com,Female,43.214.89.222
273,Addy,Webling,awebling7k@blogtalkradio.com,Male,20.31.247.19
274,Jozef,Dowbiggin,jdowbiggin7l@soup.io,Male,159.18.91.177
275,Humphrey,O'Breen,hobreen7m@boston.com,Male,113.189.66.93
276,Nichols,Cortes,ncortes7n@ed.gov,Male,117.74.37.224
277,Roi,Odell,rodell7o@wix.com,Male,77.160.58.92
278,Vittorio,Faldoe,vfaldoe7p@newsvine.com,Male,35.225.97.108
279,Rodney,Hantusch,rhantusch7q@toplist.cz,Male,79.20.232.61
280,Gratiana,Klewer,gklewer7r@boston.com,Female,251.25.188.23
281,Bernhard,Pincked,bpincked7s@si.edu,Male,232.155.29.86
282,Raina,Crowcum,rcrowcum7t@kickstarter.com,Female,42.170.31.151
283,Shay,Rodolfi,srodolfi7u@tiny.cc,Male,219.81.201.244
284,Araldo,La Grange,alagrange7v@japanpost.jp,Male,222.194.79.16
285,Klement,Kellett,kkellett7w@shop-pro.jp,Male,240.114.198.5
286,Gualterio,Melmeth,gmelmeth7x@cnbc.com,Male,225.245.215.95
287,Saundra,Mixhel,smixhel7y@parallels.com,Male,91.10.132.215
288,Pate,Everton,peverton7z@technorati.com,Male,77.96.20.182
289,Idelle,Soane,isoane80@about.me,Female,241.153.114.65
290,Gunner,Flacke,gflacke81@mit.edu,Male,109.66.232.70
291,Finley,Howsan,fhowsan82@usda.gov,Male,182.44.223.199
292,Raven,Mepham,rmepham83@ihg.com,Female,89.78.166.170
293,Marquita,Dredge,mdredge84@smh.com.au,Female,34.31.142.37
294,Tarrah,Gazzard,tgazzard85@techcrunch.com,Female,107.244.126.146
295,Cecilla,Klimpke,cklimpke86@shinystat.com,Female,214.128.193.171
296,Any,Rubert,arubert87@cnbc.com,Male,36.32.145.141
297,Erica,Jaumet,ejaumet88@shutterfly.com,Female,192.75.110.230
298,Odelle,Gudgen,ogudgen89@over-blog.com,Female,75.9.163.125
299,Gertrud,Perago,gperago8a@census.gov,Female,35.248.182.24
300,Veronike,Borrie,vborrie8b@icio.us,Female,74.101.232.117
301,Tarah,Sustins,tsustins8c@google.com.br,Female,22.40.228.151
302,Halsy,Tebb,htebb8d@moonfruit.com,Male,125.47.252.58
303,Garrard,Das,gdas8e@gnu.org,Male,240.141.243.134
304,Marquita,Fluger,mfluger8f@tinypic.com,Female,179.137.34.42
305,Ingemar,Duester,iduester8g@google.it,Male,240.112.180.156
306,Tony,Osbiston,tosbiston8h@cbsnews.com,Male,60.61.238.191
307,Felicity,Strattan,fstrattan8i@google.com.au,Female,155.156.132.215
308,Nathaniel,Liell,nliell8j@addtoany.com,Male,142.197.219.127
309,Kellia,Cicchitello,kcicchitello8k@list-manage.com,Female,32.77.28.113
310,Renate,Paoletto,rpaoletto8l@hatena.ne.jp,Female,231.50.182.218
311,Britta,Frazer,bfrazer8m@list-manage.com,Female,201.21.150.21
312,Web,Bean,wbean8n@bloglovin.com,Male,236.15.101.191
313,Estrellita,Skews,eskews8o@google.com,Female,183.231.249.41
314,Arabelle,Dreng,adreng8p@wikia.com,Female,176.160.253.173
315,Maxine,Ick,mick8q@wikispaces.com,Female,234.188.25.75
316,Byron,Duncanson,bduncanson8r@ifeng.com,Male,106.1.29.114
317,Alejandro,Romand,aromand8s@youku.com,Male,239.255.89.196
318,Sherwood,Costan,scostan8t@meetup.com,Male,171.37.246.173
319,Rowland,Corringham,rcorringham8u@biglobe.ne.jp,Male,218.145.222.157
320,Helaine,Prout,hprout8v@flickr.com,Female,58.84.100.242
321,Jerri,Shapera,jshapera8w@ucoz.com,Male,206.80.52.3
322,Gunner,Stading,gstading8x@drupal.org,Male,23.152.89.236
323,Neddy,Eates,neates8y@wordpress.org,Male,203.138.113.209
324,Aryn,Beevors,abeevors8z@w3.org,Female,132.165.159.188
325,Gwenora,Greenshiels,ggreenshiels90@myspace.com,Female,218.214.12.210
326,Blakelee,Nozzolinii,bnozzolinii91@boston.com,Female,143.61.124.149
327,Giacinta,McFadden,gmcfadden92@newsvine.com,Female,25.136.255.60
328,Norean,Allsebrook,nallsebrook93@oakley.com,Female,177.173.22.225
329,Koenraad,O'Kinneally,kokinneally94@cam.ac.uk,Male,223.245.170.131
330,West,Bole,wbole95@ovh.net,Male,50.201.65.12
331,Emmy,Mora,emora96@xing.com,Female,135.67.197.56
332,Eugenie,Iwanowski,eiwanowski97@themeforest.net,Female,222.25.239.218
333,Sal,Burkman,sburkman98@timesonline.co.uk,Male,219.223.80.251
334,Sibyl,Colleymore,scolleymore99@symantec.com,Male,111.229.74.107
335,Hunter,Stansbie,hstansbie9a@nba.com,Male,248.25.102.128
336,Gian,Wickes,gwickes9b@tmall.com,Male,185.230.2.220
337,Tori,Raitie,traitie9c@mashable.com,Female,195.70.117.104
338,Willamina,Di Bartolommeo,wdibartolommeo9d@independent.co.uk,Female,246.219.96.57
339,Raye,O'Gready,rogready9e@npr.org,Female,13.9.196.173
340,Clemens,D'Avaux,cdavaux9f@sbwire.com,Male,236.130.252.69
341,Saunderson,Connealy,sconnealy9g@last.fm,Male,10.13.216.2
342,Omero,Delahunty,odelahunty9h@senate.gov,Male,88.90.26.153
343,Delmer,Danneil,ddanneil9i@infoseek.co.jp,Male,58.0.136.63
344,Brandtr,Fance,bfance9j@illinois.edu,Male,245.57.103.42
345,Geraldine,Radband,gradband9k@thetimes.co.uk,Female,39.92.35.118
346,Elinore,Berthon,eberthon9l@omniture.com,Female,27.128.23.30
347,Anatole,Quidenham,aquidenham9m@g.co,Male,41.22.36.3
348,Gerda,Carney,gcarney9n@twitter.com,Female,19.195.73.234
349,Shelton,Tott,stott9o@senate.gov,Male,197.156.229.181
350,Pollyanna,Pawlyn,ppawlyn9p@addtoany.com,Female,226.34.87.0
351,Robbi,Airey,rairey9q@nymag.com,Female,91.221.52.150
352,Henry,Meach,hmeach9r@mac.com,Male,98.153.235.56
353,Pace,Connar,pconnar9s@addtoany.com,Male,238.185.67.88
354,Yorgo,Hrinchishin,yhrinchishin9t@google.com.au,Male,91.156.4.137
355,Lily,Rodrigues,lrodrigues9u@phpbb.com,Female,226.92.73.57
356,Dionisio,Schild,dschild9v@weebly.com,Male,76.116.5.41
357,Danica,Pennacci,dpennacci9w@t-online.de,Female,79.124.138.77
358,Jacintha,Hymer,jhymer9x@purevolume.com,Female,35.147.168.115
359,Izabel,Airds,iairds9y@adobe.com,Female,64.233.210.233
360,Elicia,Rostron,erostron9z@xinhuanet.com,Female,74.89.215.48
361,Dennie,Stanlick,dstanlicka0@tiny.cc,Male,26.32.246.128
362,Clarey,Hariot,chariota1@booking.com,Female,131.40.110.61
363,Tammara,Clouston,tcloustona2@guardian.co.uk,Female,223.86.224.63
364,Cassandry,Palley,cpalleya3@cnet.com,Female,181.200.53.34
365,Starla,Loy,sloya4@addthis.com,Female,18.0.133.154
366,Riane,Bahl,rbahla5@hao123.com,Female,111.248.76.205
367,Mason,Chantree,mchantreea6@unicef.org,Male,229.41.152.168
368,Valry,Lyte,vlytea7@nydailynews.com,Female,138.207.228.145
369,Tobiah,Shields,tshieldsa8@sun.com,Male,105.155.69.11
370,Ronnica,Barton,rbartona9@wix.com,Female,179.116.115.79
371,Rozanne,Pettman,rpettmanaa@vimeo.com,Female,35.68.168.240
372,Riki,Caen,rcaenab@patch.com,Female,104.3.133.186
373,Matthew,Lates,mlatesac@oakley.com,Male,192.214.219.159
374,Cyrill,O'Donegan,codoneganad@newsvine.com,Male,159.56.64.123
375,Ailee,Lackinton,alackintonae@jimdo.com,Female,31.196.213.52
376,Morgan,Rayburn,mrayburnaf@statcounter.com,Female,27.41.195.79
377,Marwin,Rickardsson,mrickardssonag@sitemeter.com,Male,33.85.135.176
378,Tabby,Vella,tvellaah@washington.edu,Male,16.82.128.184
379,Hartley,Gilardengo,hgilardengoai@nifty.com,Male,93.156.147.173
380,Cesaro,Collicott,ccollicottaj@dedecms.com,Male,74.185.119.114
381,Georgy,Doyle,gdoyleak@hubpages.com,Male,112.242.1.207
382,Brittney,Brennon,bbrennonal@usgs.gov,Female,39.85.175.111
383,Hilario,Le Claire,hleclaiream@prlog.org,Male,36.129.229.159
384,Cariotta,Tipton,ctiptonan@1688.com,Female,17.131.119.112
385,Riannon,McBayne,rmcbayneao@si.edu,Female,169.118.34.184
386,Byram,Kaspar,bkasparap@ameblo.jp,Male,116.109.159.108
387,Grier,Janacek,gjanacekaq@buzzfeed.com,Female,192.65.248.248
388,Anna-diana,Tupp,atuppar@zdnet.com,Female,73.218.229.94
389,Calley,Marnes,cmarnesas@cbslocal.com,Female,209.8.254.155
390,Konstance,Dillaway,kdillawayat@macromedia.com,Female,247.67.231.169
391,Cass,Torrecilla,ctorrecillaau@360.cn,Male,177.92.188.73
392,Wenona,Readwin,wreadwinav@example.com,Female,135.20.108.183
393,Cammie,Eslemont,ceslemontaw@fc2.com,Female,140.204.130.41
394,Goddart,Snelling,gsnellingax@earthlink.net,Male,22.74.160.163
395,Jefferey,Edmeades,jedmeadesay@umn.edu,Male,60.191.98.17
396,Olia,Hugh,ohughaz@pen.io,Female,208.46.110.159
397,Chaddy,MacCleod,cmaccleodb0@ask.com,Male,81.75.64.19
398,Dolores,Aylin,daylinb1@a8.net,Female,151.132.164.46
399,Leena,Gilleon,lgilleonb2@edublogs.org,Female,195.88.121.3
400,Helga,Dymock,hdymockb3@free.fr,Female,164.12.82.27
401,Gussie,Sutcliff,gsutcliffb4@ifeng.com,Female,38.121.194.218
402,Rolland,Theaker,rtheakerb5@aboutads.info,Male,17.36.143.148
403,Codee,Baddiley,cbaddileyb6@surveymonkey.com,Female,198.165.233.255
404,Lowell,Rabson,lrabsonb7@yolasite.com,Male,138.117.107.31
405,Jan,Qusklay,jqusklayb8@discovery.com,Male,12.211.201.23
406,Dela,Chieco,dchiecob9@bizjournals.com,Female,126.109.99.72
407,Alfie,Daniell,adaniellba@gmpg.org,Female,138.51.107.120
408,Adda,Nutkins,anutkinsbb@nhs.uk,Female,83.57.68.203
409,Bambie,Yeell,byeellbc@amazon.com,Female,171.234.29.202
410,Lynn,Lody,llodybd@zimbio.com,Female,222.236.71.105
411,Davine,MacCollom,dmaccollombe@aboutads.info,Female,252.115.213.190
412,Rogerio,Viner,rvinerbf@theatlantic.com,Male,118.120.224.127
413,Boyd,Ramsell,bramsellbg@ftc.gov,Male,246.116.136.83
414,Moises,Banister,mbanisterbh@artisteer.com,Male,67.85.175.61
415,Timmie,Pargetter,tpargetterbi@opera.com,Female,193.54.248.17
416,Bertrando,Meadway,bmeadwaybj@sfgate.com,Male,39.129.215.4
417,Norina,Fontenot,nfontenotbk@opensource.org,Female,207.0.105.106
418,Humberto,de Zamora,hdezamorabl@symantec.com,Male,252.5.146.31
419,Genna,Crilley,gcrilleybm@macromedia.com,Female,134.89.254.104
420,Nedda,Andrey,nandreybn@shareasale.com,Female,47.170.17.135
421,Obidiah,Knok,oknokbo@marketwatch.com,Male,127.165.52.193
422,Dietrich,Canter,dcanterbp@usa.gov,Male,223.214.99.101
423,Terrel,Covotto,tcovottobq@meetup.com,Male,242.84.60.241
424,Kelsey,Muddle,kmuddlebr@dagondesign.com,Male,2.224.57.232
425,Shayla,Cowup,scowupbs@cdbaby.com,Female,181.201.122.99
426,Dasha,Grishinov,dgrishinovbt@drupal.org,Female,221.179.121.221
427,Molly,Scahill,mscahillbu@intel.com,Female,192.89.34.198
428,Kassey,Rosenfeld,krosenfeldbv@patch.com,Female,128.138.72.214
429,Linea,Lawleff,llawleffbw@soup.io,Female,117.200.155.93
430,Tymothy,Wasmer,twasmerbx@jimdo.com,Male,60.157.58.189
431,Mike,Rodmell,mrodmellby@google.com.br,Male,124.113.127.109
432,Susette,Edsall,sedsallbz@about.com,Female,20.69.217.198
433,Tersina,Lovart,tlovartc0@fda.gov,Female,67.58.175.211
434,Maighdiln,Cotterrill,mcotterrillc1@cdc.gov,Female,141.87.186.166
435,Chiquia,Andras,candrasc2@flickr.com,Female,140.251.171.168
436,Corette,Dunbleton,cdunbletonc3@microsoft.com,Female,14.45.111.186
437,Harlie,Morena,hmorenac4@loc.gov,Female,140.191.141.249
438,Moses,Artingstall,martingstallc5@theatlantic.com,Male,167.68.159.83
439,Gwyn,Liggett,gliggettc6@usa.gov,Female,141.43.84.116
440,Shellie,Witcomb,switcombc7@multiply.com,Female,190.207.215.127
441,Elonore,Heasley,eheasleyc8@feedburner.com,Female,182.125.69.248
442,Zabrina,Disbury,zdisburyc9@google.cn,Female,158.50.6.13
443,Ingemar,Sevior,iseviorca@wiley.com,Male,22.239.97.228
444,Ive,Stadden,istaddencb@bloglovin.com,Male,235.175.2.21
445,Hube,Cockcroft,hcockcroftcc@webeden.co.uk,Male,37.79.2.242
446,Guilbert,Melledy,gmelledycd@bloglines.com,Male,117.242.127.163
447,Teriann,Honack,thonackce@sourceforge.net,Female,255.76.181.176
448,Alfred,Texton,atextoncf@yahoo.co.jp,Male,153.124.230.245
449,Gradey,Coggin,gcoggincg@blogtalkradio.com,Male,230.250.174.53
450,Parrnell,Rounding,proundingch@comsenz.com,Male,1.21.36.34
451,Roberto,Ferraron,rferraronci@mapy.cz,Male,211.145.245.61
452,Baldwin,Grigsby,bgrigsbycj@sourceforge.net,Male,11.229.151.189
453,Valene,MacRedmond,vmacredmondck@wiley.com,Female,159.8.117.54
454,Jill,Fierro,jfierrocl@amazon.co.jp,Female,182.19.178.253
455,Conant,Gorstidge,cgorstidgecm@lycos.com,Male,13.43.107.93
456,Karleen,Berrow,kberrowcn@illinois.edu,Female,139.54.21.52
457,Joshua,Flett,jflettco@senate.gov,Male,30.26.141.179
458,Sasha,Engall,sengallcp@purevolume.com,Male,231.108.144.39
459,Inigo,Margrett,imargrettcq@icq.com,Male,24.233.206.123
460,Winnah,Duggon,wduggoncr@wordpress.com,Female,12.176.54.113
461,Quintilla,Norcop,qnorcopcs@newyorker.com,Female,77.61.123.181
462,Darrick,Sherman,dshermanct@shutterfly.com,Male,5.36.83.217
463,Nat,Scholcroft,nscholcroftcu@indiegogo.com,Female,135.16.46.76
464,Marleah,Tuiller,mtuillercv@buzzfeed.com,Female,142.39.158.37
465,Karalynn,Loges,klogescw@gnu.org,Female,39.228.141.84
466,Glennie,Pitkethly,gpitkethlycx@prlog.org,Female,13.50.144.125
467,Clayson,Topling,ctoplingcy@ibm.com,Male,133.112.169.29
468,Halsey,Phebey,hphebeycz@flickr.com,Male,30.238.55.227
469,Moria,Brooking,mbrookingd0@t.co,Female,33.186.109.85
470,Adella,Corben,acorbend1@gravatar.com,Female,31.153.42.15
471,Eduard,Romayn,eromaynd2@wiley.com,Male,133.135.133.182
472,Mariquilla,Burnsell,mburnselld3@networksolutions.com,Female,218.148.231.107
473,Stormie,Frankes,sfrankesd4@mapquest.com,Female,242.232.239.115
474,Fran,Byard,fbyardd5@netvibes.com,Male,32.22.252.219
475,Denyse,Brimicombe,dbrimicombed6@paginegialle.it,Female,98.68.128.126
476,Jourdain,Jones,jjonesd7@tripadvisor.com,Male,22.113.182.112
477,Guendolen,Grebbin,ggrebbind8@whitehouse.gov,Female,233.168.121.27
478,Warner,Towersey,wtowerseyd9@cdc.gov,Male,66.192.97.245
479,Kaela,Buzza,kbuzzada@mediafire.com,Female,237.122.168.15
480,Sallee,Croot,scrootdb@amazon.co.uk,Female,21.170.57.169
481,Asa,Moylan,amoylandc@dell.com,Male,31.151.166.130
482,Silvester,Douty,sdoutydd@people.com.cn,Male,91.1.228.175
483,Hobart,Gorringe,hgorringede@whitehouse.gov,Male,1.49.96.70
484,Amby,Hulstrom,ahulstromdf@bandcamp.com,Male,14.102.66.67
485,Lynette,Ors,lorsdg@nhs.uk,Female,36.149.154.37
486,Vlad,Ferrini,vferrinidh@answers.com,Male,199.127.130.135
487,Abie,Duhig,aduhigdi@foxnews.com,Male,227.160.5.3
488,Lemar,Fuchs,lfuchsdj@addtoany.com,Male,210.102.53.74
489,Cariotta,Southcombe,csouthcombedk@disqus.com,Female,108.209.189.211
490,Truda,Giriardelli,tgiriardellidl@bloglines.com,Female,252.249.42.112
491,Burk,Easterling,beasterlingdm@zdnet.com,Male,229.184.7.28
492,Tiff,Potes,tpotesdn@reference.com,Female,86.42.117.137
493,Willdon,Gooley,wgooleydo@meetup.com,Male,112.114.142.114
494,Sher,Dannell,sdannelldp@goodreads.com,Female,78.79.63.134
495,Myrtia,Pringle,mpringledq@ucla.edu,Female,75.226.12.128
496,Gilberta,Sillito,gsillitodr@answers.com,Female,88.234.244.255
497,Marcella,Mannock,mmannockds@nasa.gov,Female,118.111.19.121
498,Clemente,Rippingale,crippingaledt@narod.ru,Male,222.112.125.164
499,Delinda,Castellino,dcastellinodu@adobe.com,Female,98.188.22.121
500,Denny,Zeplin,dzeplindv@mozilla.com,Female,38.81.210.51
501,Emmi,Boniface,ebonifacedw@wikispaces.com,Female,151.206.148.204
502,Demetri,Yonge,dyongedx@a8.net,Male,159.190.17.237
503,Tannie,Oxnam,toxnamdy@diigo.com,Male,244.16.34.210
504,Thorn,Scallan,tscallandz@multiply.com,Male,166.201.57.132
505,Birk,Jenteau,bjenteaue0@tripod.com,Male,208.108.5.136
506,Vassily,Erwin,verwine1@amazon.co.uk,Male,245.210.88.74
507,Franny,Porcher,fporchere2@imdb.com,Male,159.219.135.210
508,Abagael,Baack,abaacke3@last.fm,Female,145.117.234.198
509,Sharron,Izakoff,sizakoffe4@fc2.com,Female,141.244.119.156
510,Sarita,Murrigans,smurriganse5@vimeo.com,Female,134.243.33.126
511,Margret,Schoenfisch,mschoenfische6@printfriendly.com,Female,183.177.114.21
512,Abramo,Robatham,arobathame7@netlog.com,Male,55.254.235.121
513,Washington,Basire,wbasiree8@va.gov,Male,45.250.50.215
514,Gerrie,Larroway,glarrowaye9@cdc.gov,Female,234.31.68.159
515,Zea,Parlot,zparlotea@npr.org,Female,4.15.96.111
516,Polly,Peron,pperoneb@redcross.org,Female,118.14.62.111
517,Jenny,Bream,jbreamec@mayoclinic.com,Female,77.130.146.148
518,Dian,Buffin,dbuffined@bloglines.com,Female,48.119.71.81
519,Sutherland,Marchington,smarchingtonee@wikispaces.com,Male,92.147.171.20
520,Adolf,Bairnsfather,abairnsfatheref@google.com,Male,178.88.204.11
521,Fionna,Hyams,fhyamseg@symantec.com,Female,235.231.224.123
522,Adey,Portinari,aportinarieh@google.fr,Female,161.243.173.17
523,Aluino,Tosh,atoshei@simplemachines.org,Male,228.29.142.40
524,Liz,MacGuigan,lmacguiganej@liveinternet.ru,Female,212.236.161.102
525,Jessee,Eggleson,jegglesonek@gravatar.com,Male,184.204.190.90
526,Aluino,Askaw,aaskawel@chicagotribune.com,Male,110.153.237.201
527,Corella,Peto,cpetoem@tmall.com,Female,105.188.66.43
528,Brew,Fernez,bfernezen@irs.gov,Male,163.211.213.146
529,Ileane,Shippam,ishippameo@miitbeian.gov.cn,Female,162.86.161.68
530,Leland,Everix,leverixep@bigcartel.com,Male,56.207.13.77
531,Warde,Thurlborn,wthurlborneq@washington.edu,Male,210.108.68.163
532,Berkeley,Attiwill,battiwiller@alibaba.com,Male,22.197.248.28
533,Moreen,Wardhaugh,mwardhaughes@studiopress.com,Female,57.71.91.199
534,Nicholas,Krook,nkrooket@multiply.com,Male,118.77.200.0
535,Donnell,MacCallam,dmaccallameu@zdnet.com,Male,141.18.191.208
536,Eva,Gravy,egravyev@4shared.com,Female,18.214.218.211
537,Carolina,Week,cweekew@moonfruit.com,Female,191.125.253.166
538,Meredith,Rengger,mrenggerex@businessinsider.com,Female,104.241.160.59
539,August,Houlton,ahoultoney@shinystat.com,Male,183.240.47.43
540,Malvina,Whittlesey,mwhittleseyez@mediafire.com,Female,35.43.167.96
541,Krispin,Ranyard,kranyardf0@ovh.net,Male,15.109.239.83
542,Kellen,Cholmondeley,kcholmondeleyf1@sakura.ne.jp,Male,120.169.22.16
543,Daryn,Seden,dsedenf2@unblog.fr,Female,176.102.137.144
544,Yvor,MacHostie,ymachostief3@xing.com,Male,75.237.41.177
545,Marita,Veillard,mveillardf4@marketwatch.com,Female,74.159.249.51
546,Grier,Milverton,gmilvertonf5@last.fm,Female,7.245.45.141
547,Marie,Godfroy,mgodfroyf6@theglobeandmail.com,Female,182.186.172.172
548,Katina,Esp,kespf7@weather.com,Female,201.18.223.96
549,Gwendolen,Shewsmith,gshewsmithf8@amazon.co.uk,Female,76.111.161.63
550,Petey,Topaz,ptopazf9@wunderground.com,Male,59.102.222.23
551,Karim,Marquet,kmarquetfa@netscape.com,Male,194.102.184.121
552,Seamus,Reis,sreisfb@elegantthemes.com,Male,161.191.154.7
553,Matthus,Solway,msolwayfc@bing.com,Male,12.81.172.226
554,Lock,Ponder,lponderfd@typepad.com,Male,22.49.11.66
555,Leigha,Deroche,lderochefe@drupal.org,Female,12.31.251.226
556,Neale,Fitzroy,nfitzroyff@devhub.com,Male,138.220.15.199
557,Stillmann,Surridge,ssurridgefg@archive.org,Male,133.175.159.5
558,Nicolis,Dudleston,ndudlestonfh@irs.gov,Male,28.193.243.9
559,Megan,Leglise,mleglisefi@networkadvertising.org,Female,119.114.248.197
560,Bellanca,Tindley,btindleyfj@flickr.com,Female,215.118.196.240
561,Myles,Bramer,mbramerfk@prweb.com,Male,51.134.241.176
562,Carolus,Keigher,ckeigherfl@youtube.com,Male,58.177.164.225
563,Alvira,Kik,akikfm@xrea.com,Female,31.239.80.21
564,Edvard,McIlherran,emcilherranfn@techcrunch.com,Male,29.103.37.250
565,Rozella,Richardt,rrichardtfo@sourceforge.net,Female,238.208.25.153
566,Sibyl,McGann,smcgannfp@noaa.gov,Female,167.103.225.166
567,Town,Checchi,tchecchifq@sourceforge.net,Male,253.147.168.252
568,Alexandrina,Ivchenko,aivchenkofr@unicef.org,Female,187.148.235.156
569,Kissiah,De Filippis,kdefilippisfs@etsy.com,Female,111.144.209.179
570,Ulrika,Lodford,ulodfordft@illinois.edu,Female,54.135.255.170
571,Aura,Mountford,amountfordfu@php.net,Female,147.234.188.56
572,Norbert,McArd,nmcardfv@woothemes.com,Male,62.67.71.67
573,Arnuad,Goracci,agoraccifw@merriam-webster.com,Male,12.197.97.116
574,Dacie,Hempel,dhempelfx@psu.edu,Female,122.216.15.152
575,Delmore,Foale,dfoalefy@youtube.com,Male,52.205.7.200
576,Tomlin,Hazart,thazartfz@blog.com,Male,159.14.202.95
577,Lacy,Gravie,lgravieg0@sogou.com,Female,214.1.119.187
578,Valencia,Riste,vristeg1@liveinternet.ru,Female,164.42.77.190
579,Oberon,Hughlin,ohughling2@alibaba.com,Male,153.33.230.252
580,Luther,Jarrold,ljarroldg3@moonfruit.com,Male,165.9.15.57
581,Elvyn,Antoniottii,eantoniottiig4@nytimes.com,Male,160.151.91.111
582,Emilia,Spilstead,espilsteadg5@businesswire.com,Female,32.13.233.153
583,Susi,Niezen,sniezeng6@odnoklassniki.ru,Female,202.190.164.204
584,Burr,Cousen,bcouseng7@ft.com,Male,31.48.22.153
585,Nicolais,Bauduin,nbauduing8@narod.ru,Male,247.30.72.175
586,Conway,Maccrae,cmaccraeg9@xinhuanet.com,Male,25.89.26.61
587,Willie,Lockey,wlockeyga@google.fr,Male,70.51.82.18
588,Torre,Yannoni,tyannonigb@yellowbook.com,Male,48.74.61.195
589,Nevil,Pinare,npinaregc@ucsd.edu,Male,219.145.180.24
590,Merrili,Ather,mathergd@nytimes.com,Female,57.89.211.46
591,Liv,Skinner,lskinnerge@thetimes.co.uk,Female,181.23.213.107
592,Adlai,Waddell,awaddellgf@creativecommons.org,Male,116.123.128.68
593,Mata,Bowmer,mbowmergg@pbs.org,Male,247.134.228.227
594,Carolyn,Rumens,crumensgh@mtv.com,Female,89.233.65.243
595,Shelia,Fitchew,sfitchewgi@tiny.cc,Female,178.250.159.25
596,Cully,Tainton,ctaintongj@cbc.ca,Male,211.136.12.85
597,Jacky,Speeks,jspeeksgk@github.io,Male,234.60.211.188
598,Doreen,Kording,dkordinggl@marriott.com,Female,173.120.151.123
599,Doroteya,Cortese,dcortesegm@mapy.cz,Female,103.151.17.105
600,Penny,Kelso,pkelsogn@wufoo.com,Female,149.88.117.192
601,Hallsy,Ismail,hismailgo@yahoo.co.jp,Male,177.141.138.252
602,Daffi,McCamish,dmccamishgp@google.nl,Female,76.187.216.190
603,Chickie,Jacquemy,cjacquemygq@ox.ac.uk,Male,255.217.212.25
604,Fidela,Somers,fsomersgr@seattletimes.com,Female,118.243.55.127
605,Rosalinda,Veronique,rveroniquegs@intel.com,Female,89.114.83.84
606,Ricki,Raspel,rraspelgt@shutterfly.com,Female,181.237.40.62
607,Shalna,Canadas,scanadasgu@yale.edu,Female,81.3.142.36
608,Gregoire,Faloon,gfaloongv@ustream.tv,Male,157.239.70.17
609,Mel,Pittson,mpittsongw@census.gov,Male,117.88.66.71
610,Artemis,Grigoletti,agrigolettigx@dyndns.org,Male,160.0.74.181
611,Rivy,Pitrollo,rpitrollogy@nasa.gov,Female,231.19.22.240
612,Claudell,Garton,cgartongz@homestead.com,Male,21.206.208.111
613,Bryn,Hawney,bhawneyh0@aol.com,Female,141.56.88.142
614,Sam,Dunkerley,sdunkerleyh1@discuz.net,Female,198.120.196.66
615,Kara,Armatys,karmatysh2@mac.com,Female,215.215.12.163
616,Renaldo,Albertson,ralbertsonh3@nytimes.com,Male,172.116.175.38
617,Roshelle,Charlesworth,rcharlesworthh4@gnu.org,Female,208.200.215.166
618,Caroline,McNickle,cmcnickleh5@fda.gov,Female,45.119.201.230
619,Iggy,O'Kuddyhy,iokuddyhyh6@netvibes.com,Male,72.196.235.115
620,Paxton,Digginson,pdigginsonh7@nasa.gov,Male,129.220.19.224
621,Curcio,Corpes,ccorpesh8@exblog.jp,Male,228.242.163.149
622,Reeta,Stutely,rstutelyh9@foxnews.com,Female,179.72.181.133
623,Wynnie,Pacitti,wpacittiha@cnbc.com,Female,110.130.111.109
624,Terrie,Dennerley,tdennerleyhb@chronoengine.com,Female,40.67.65.41
625,Raymund,Rathe,rrathehc@unicef.org,Male,185.255.172.125
626,Gena,Cuckoo,gcuckoohd@un.org,Female,6.151.221.221
627,Hallsy,McCready,hmccreadyhe@time.com,Male,127.95.173.212
628,Orville,Ducket,oduckethf@istockphoto.com,Male,186.241.212.202
629,Davine,Leving,dlevinghg@last.fm,Female,28.121.79.88
630,Korie,Bigmore,kbigmorehh@fema.gov,Female,135.249.121.156
631,Jenn,Patrono,jpatronohi@ted.com,Female,145.114.200.97
632,Conrado,Arnoud,carnoudhj@is.gd,Male,142.178.137.101
633,Kevina,Lutty,kluttyhk@cargocollective.com,Female,142.23.59.119
634,Uri,Sandwich,usandwichhl@yellowbook.com,Male,193.223.227.37
635,Ariella,Tamblingson,atamblingsonhm@archive.org,Female,132.240.12.58
636,Gilberte,Massey,gmasseyhn@bloglines.com,Female,34.127.21.171
637,Ody,Maw,omawho@intel.com,Male,188.160.5.221
638,Cyndi,Philippeaux,cphilippeauxhp@php.net,Female,152.88.42.230
639,Jim,Tongs,jtongshq@usa.gov,Male,107.63.44.207
640,Felecia,Olivetta,folivettahr@goo.ne.jp,Female,215.220.1.195
641,Yuri,Trebbett,ytrebbetths@xing.com,Male,249.166.161.186
642,Avictor,Goodoune,agoodouneht@typepad.com,Male,13.114.167.2
643,Richmound,Palethorpe,rpalethorpehu@howstuffworks.com,Male,10.171.206.67
644,Daffi,MacLaren,dmaclarenhv@csmonitor.com,Female,159.235.63.134
645,Jaquith,Joannic,jjoannichw@geocities.jp,Female,158.153.209.161
646,Mordecai,Duff,mduffhx@gravatar.com,Male,155.183.19.115
647,Grata,Gillebride,ggillebridehy@altervista.org,Female,24.183.31.229
648,Filmer,Gent,fgenthz@loc.gov,Male,208.52.188.47
649,Sidonia,Rowling,srowlingi0@cdc.gov,Female,38.68.72.201
650,Neale,Brownsell,nbrownselli1@discuz.net,Male,35.146.84.13
651,Bernarr,Copeman,bcopemani2@creativecommons.org,Male,185.13.217.207
652,Renate,Cheale,rchealei3@about.com,Female,112.22.146.13
653,Kennedy,Annice,kannicei4@ask.com,Male,17.88.234.120
654,Ryon,McGilmartin,rmcgilmartini5@over-blog.com,Male,118.9.53.217
655,Hailey,Tooting,htootingi6@zimbio.com,Male,204.13.4.121
656,Brigham,Birchenough,bbirchenoughi7@hud.gov,Male,247.172.35.22
657,Murvyn,Causer,mcauseri8@multiply.com,Male,227.72.206.85
658,Kile,Idell,kidelli9@earthlink.net,Male,199.2.54.25
659,Debra,Rankling,dranklingia@istockphoto.com,Female,66.93.66.192
660,Rikki,Hairyes,rhairyesib@seesaa.net,Male,244.82.21.123
661,Basilius,Coulthard,bcoulthardic@desdev.cn,Male,203.89.120.64
662,Annissa,Barsby,abarsbyid@cdc.gov,Female,111.210.19.90
663,Lynna,Wadworth,lwadworthie@mediafire.com,Female,36.90.45.217
664,Shirlee,Sanson,ssansonif@ebay.co.uk,Female,114.115.38.124
665,Emmit,Gerran,egerranig@storify.com,Male,189.152.60.180
666,Hestia,Baldry,hbaldryih@about.com,Female,62.165.23.16
667,Bert,Yapp,byappii@webs.com,Male,228.236.161.179
668,Rozalie,Cussons,rcussonsij@tinypic.com,Female,6.12.223.224
669,Wilden,Jeaneau,wjeaneauik@ihg.com,Male,4.112.209.208
670,Gery,Nannetti,gnannettiil@surveymonkey.com,Male,43.199.156.123
671,Violette,Beddie,vbeddieim@ask.com,Female,61.119.62.134
672,Maiga,Edington,medingtonin@tripod.com,Female,35.125.79.241
673,Garrott,Edel,gedelio@amazon.co.uk,Male,215.147.49.148
674,Joshuah,Brownjohn,jbrownjohnip@java.com,Male,139.212.223.128
675,Melly,Grimsdyke,mgrimsdykeiq@ca.gov,Female,26.43.41.165
676,Loralie,Keywood,lkeywoodir@flickr.com,Female,129.204.226.24
677,Aldo,Circuitt,acircuittis@yandex.ru,Male,20.194.219.195
678,Anthiathia,Thynne,athynneit@liveinternet.ru,Female,157.219.215.247
679,Dorry,Blackborough,dblackboroughiu@w3.org,Female,72.117.187.144
680,Ingmar,Bassom,ibassomiv@hibu.com,Male,192.47.234.21
681,Anthiathia,Jelk,ajelkiw@boston.com,Female,76.51.80.54
682,Kelsey,McCudden,kmccuddenix@mediafire.com,Female,132.184.152.183
683,Marcelo,Rimour,mrimouriy@amazon.de,Male,31.160.226.235
684,Frasquito,Guiness,fguinessiz@dion.ne.jp,Male,210.17.11.96
685,Wilma,Tomaselli,wtomasellij0@omniture.com,Female,1.72.50.28
686,Kirby,Gouch,kgouchj1@netlog.com,Male,255.61.56.207
687,Chris,Plester,cplesterj2@feedburner.com,Male,110.220.93.136
688,Anastassia,Chatband,achatbandj3@newyorker.com,Female,166.66.84.68
689,Gordon,Aldus,galdusj4@bloglovin.com,Male,93.143.2.91
690,Helena,Rackam,hrackamj5@usnews.com,Female,138.237.210.134
691,Opalina,Ambler,oamblerj6@theglobeandmail.com,Female,218.226.63.111
692,Alla,Kinworthy,akinworthyj7@dedecms.com,Female,60.90.196.155
693,Muhammad,Hall-Gough,mhallgoughj8@hatena.ne.jp,Male,248.34.188.139
694,Patti,St Angel,pstangelj9@dedecms.com,Female,123.145.21.212
695,Cherice,Raiker,craikerja@mozilla.com,Female,78.216.101.200
696,Hubie,Learmonth,hlearmonthjb@netlog.com,Male,110.216.136.151
697,Tully,Pedersen,tpedersenjc@samsung.com,Male,252.4.70.213
698,Isabeau,Saddington,isaddingtonjd@jugem.jp,Female,26.223.66.248
699,Arty,Alishoner,aalishonerje@state.gov,Male,158.184.41.39
700,Bron,Kenrick,bkenrickjf@auda.org.au,Male,149.75.155.167
701,Dannie,Crellin,dcrellinjg@house.gov,Male,148.135.29.125
702,Maddy,Machent,mmachentjh@list-manage.com,Female,41.144.136.55
703,Nancey,Endacott,nendacottji@ucoz.ru,Female,140.32.20.130
704,Terrance,Benstead,tbensteadjj@thetimes.co.uk,Male,171.53.44.16
705,Mathe,Grouvel,mgrouveljk@hibu.com,Male,147.183.205.119
706,Kerri,Billam,kbillamjl@fotki.com,Female,204.207.220.141
707,Godart,Tomaello,gtomaellojm@upenn.edu,Male,41.242.195.240
708,Tudor,Elgood,telgoodjn@upenn.edu,Male,228.8.166.28
709,Rockwell,Christescu,rchristescujo@xing.com,Male,189.108.195.182
710,Marcie,Lunnon,mlunnonjp@yale.edu,Female,76.126.68.77
711,Tiffi,Goodchild,tgoodchildjq@shutterfly.com,Female,210.170.8.242
712,Blinni,Byfford,bbyffordjr@newsvine.com,Female,25.56.29.182
713,Vail,Caldayrou,vcaldayroujs@blogger.com,Male,8.27.209.231
714,Sheff,Konzel,skonzeljt@cnbc.com,Male,254.231.244.88
715,Arlina,Whyte,awhyteju@ebay.com,Female,105.75.42.183
716,Phoebe,Hethron,phethronjv@fotki.com,Female,62.95.114.0
717,Jo,Ciccottio,jciccottiojw@e-recht24.de,Male,170.194.2.19
718,Maryjo,Peltz,mpeltzjx@cbslocal.com,Female,93.224.212.99
719,Towny,Gelland,tgellandjy@boston.com,Male,134.152.27.70
720,Reyna,Prattington,rprattingtonjz@huffingtonpost.com,Female,140.57.113.190
721,Anselm,Oxenden,aoxendenk0@sourceforge.net,Male,10.5.98.163
722,Reube,Pollock,rpollockk1@prlog.org,Male,4.170.227.174
723,Stefano,Gladdolph,sgladdolphk2@mapquest.com,Male,136.42.154.78
724,Chrotoem,Dallaway,cdallawayk3@delicious.com,Male,34.246.119.19
725,Ollie,Bliben,oblibenk4@businessinsider.com,Male,111.12.19.45
726,Amos,Tiltman,atiltmank5@vk.com,Male,245.248.178.106
727,Tommy,Caswill,tcaswillk6@rakuten.co.jp,Female,80.12.80.35
728,Kathleen,McGrayle,kmcgraylek7@sphinn.com,Female,152.192.179.166
729,Kelci,Sollars,ksollarsk8@webnode.com,Female,66.60.220.125
730,Rickie,Hastwell,rhastwellk9@printfriendly.com,Female,116.215.166.183
731,Tawnya,Ruske,truskeka@exblog.jp,Female,31.33.8.188
732,Warden,Albutt,walbuttkb@deliciousdays.com,Male,158.61.20.10
733,Bertina,Sanbroke,bsanbrokekc@meetup.com,Female,122.109.68.171
734,Charin,Bagnall,cbagnallkd@hatena.ne.jp,Female,176.166.236.17
735,Rudolph,Skewes,rskeweske@blogtalkradio.com,Male,178.156.137.241
736,Anne,Mannagh,amannaghkf@washington.edu,Female,228.164.74.230
737,Osborne,Andreassen,oandreassenkg@businessweek.com,Male,106.242.107.114
738,Damon,Knifton,dkniftonkh@home.pl,Male,124.136.162.172
739,Tait,Radbond,tradbondki@wsj.com,Male,38.36.80.156
740,Sterling,Karolewski,skarolewskikj@nyu.edu,Male,188.94.139.234
741,Beth,Broinlich,bbroinlichkk@slideshare.net,Female,136.76.217.215
742,Dniren,Sappson,dsappsonkl@ox.ac.uk,Female,62.46.87.60
743,Nickie,Hullock,nhullockkm@unesco.org,Female,45.250.63.190
744,Job,Wilshaw,jwilshawkn@walmart.com,Male,220.75.33.173
745,Carey,Epton,ceptonko@hostgator.com,Male,115.187.98.76
746,Gawain,Gittins,ggittinskp@moonfruit.com,Male,193.172.51.232
747,Angelique,Matthiae,amatthiaekq@independent.co.uk,Female,162.34.89.211
748,Jard,Hudspeth,jhudspethkr@usnews.com,Male,176.151.72.103
749,Babbette,Goodson,bgoodsonks@ustream.tv,Female,62.111.186.147
750,Melita,Dodsley,mdodsleykt@google.com.au,Female,186.110.227.249
751,Corrianne,Swafford,cswaffordku@hc360.com,Female,152.11.160.4
752,Godfrey,Broad,gbroadkv@wiley.com,Male,120.198.8.198
753,Garrard,Prozillo,gprozillokw@ning.com,Male,42.132.212.238
754,Ronna,de la Valette Parisot,rdelavaletteparisotkx@bravesites.com,Female,119.114.89.198
755,Nissie,Coot,ncootky@barnesandnoble.com,Female,112.21.61.123
756,Selestina,Hammatt,shammattkz@webmd.com,Female,65.74.236.11
757,Chicky,Waddup,cwaddupl0@miibeian.gov.cn,Female,157.73.178.166
758,Rouvin,Isaak,risaakl1@bloomberg.com,Male,160.173.87.100
759,Faunie,Rattrie,frattriel2@woothemes.com,Female,43.119.63.164
760,Craggy,McLoughlin,cmcloughlinl3@gnu.org,Male,64.151.164.19
761,Odessa,Vasilyonok,ovasilyonokl4@sogou.com,Female,91.248.189.90
762,Marlin,Naptin,mnaptinl5@clickbank.net,Male,82.253.213.30
763,Zelig,De Ambrosis,zdeambrosisl6@nymag.com,Male,133.184.125.170
764,Ruggiero,Tennewell,rtennewelll7@etsy.com,Male,175.104.205.31
765,Lil,Farraway,lfarrawayl8@homestead.com,Female,187.249.39.195
766,Stephani,Ellesworthe,sellesworthel9@macromedia.com,Female,190.255.216.32
767,Carmen,Burner,cburnerla@typepad.com,Female,77.50.162.121
768,Nissa,Clavering,nclaveringlb@meetup.com,Female,234.125.34.14
769,Thibaut,Van Halle,tvanhallelc@berkeley.edu,Male,198.16.63.94
770,Christy,Loy,cloyld@t.co,Male,79.21.222.239
771,Laurence,Pigram,lpigramle@flickr.com,Male,72.13.55.100
772,Alex,Petrenko,apetrenkolf@baidu.com,Male,223.68.93.63
773,Rhys,Craddy,rcraddylg@bing.com,Male,103.190.139.110
774,Janeen,Poole,jpoolelh@de.vu,Female,113.168.171.14
775,Kylynn,Gaylard,kgaylardli@deliciousdays.com,Female,114.178.172.173
776,Margalo,Eede,meedelj@mapquest.com,Female,189.78.191.33
777,Milena,Harrowell,mharrowelllk@forbes.com,Female,80.5.31.225
778,Chrisy,Syplus,csyplusll@webmd.com,Male,211.251.16.250
779,Hymie,Platfoot,hplatfootlm@usgs.gov,Male,89.117.255.212
780,Kimball,Lamprey,klampreyln@indiatimes.com,Male,120.152.145.143
781,Tibold,Annand,tannandlo@parallels.com,Male,70.198.130.179
782,Laurie,Purnell,lpurnelllp@histats.com,Male,91.22.183.121
783,Bonita,Kingswood,bkingswoodlq@blogtalkradio.com,Female,76.128.249.16
784,Kaitlyn,Dykas,kdykaslr@merriam-webster.com,Female,178.7.169.72
785,Consuela,Coulthart,ccoulthartls@nih.gov,Female,166.220.244.139
786,Valaree,Cargon,vcargonlt@time.com,Female,225.46.54.4
787,Corey,Marians,cmarianslu@google.cn,Female,74.93.200.164
788,Quintilla,Gariff,qgarifflv@1und1.de,Female,164.27.242.235
789,Marleah,Brister,mbristerlw@nyu.edu,Female,16.43.99.230
790,Wat,Agiolfinger,wagiolfingerlx@odnoklassniki.ru,Male,15.67.168.173
791,Bryon,Petticrow,bpetticrowly@dmoz.org,Male,18.95.61.158
792,Katrinka,Issatt,kissattlz@statcounter.com,Female,187.212.96.227
793,Cyrus,Dorcey,cdorceym0@drupal.org,Male,110.188.54.119
794,Courtnay,Burnell,cburnellm1@google.com.au,Female,51.190.110.101
795,Augustina,Ehlerding,aehlerdingm2@hostgator.com,Female,108.28.224.247
796,Davis,Eykelbosch,deykelboschm3@home.pl,Male,230.181.230.151
797,Darwin,Witts,dwittsm4@ning.com,Male,197.17.138.16
798,Moses,Stetlye,mstetlyem5@sohu.com,Male,90.82.42.181
799,Berti,Hinchcliffe,bhinchcliffem6@amazon.com,Male,110.219.1.97
800,Redford,Fishlee,rfishleem7@nhs.uk,Male,26.160.150.184
801,Odele,Sotworth,osotworthm8@yellowpages.com,Female,175.152.112.127
802,Creigh,Siegertsz,csiegertszm9@about.me,Male,108.108.78.11
803,Duke,Dainter,ddainterma@examiner.com,Male,96.135.184.201
804,Bertha,Orfeur,borfeurmb@instagram.com,Female,80.208.52.39
805,Benedetta,Jasper,bjaspermc@howstuffworks.com,Female,88.140.179.154
806,Grazia,Broscombe,gbroscombemd@homestead.com,Female,152.27.95.6
807,Ellery,Doey,edoeyme@imdb.com,Male,163.33.33.59
808,Seana,Robelin,srobelinmf@google.fr,Female,21.148.217.20
809,Neile,Satch,nsatchmg@abc.net.au,Female,161.188.215.199
810,Kathleen,Coffin,kcoffinmh@msu.edu,Female,92.37.58.220
811,Claudetta,Yurshev,cyurshevmi@wikia.com,Female,243.50.86.102
812,Jerri,Clery,jclerymj@opensource.org,Male,15.5.139.30
813,Tybi,Swinbourne,tswinbournemk@illinois.edu,Female,167.86.134.173
814,Felipe,Lunck,flunckml@mlb.com,Male,20.31.131.95
815,Stepha,Skeath,sskeathmm@google.pl,Female,221.114.50.167
816,Hew,Defont,hdefontmn@php.net,Male,19.148.164.60
817,Porter,Oliveira,poliveiramo@telegraph.co.uk,Male,219.36.52.58
818,Florenza,Warlock,fwarlockmp@phpbb.com,Female,247.118.178.0
819,Ashton,Caudwell,acaudwellmq@weebly.com,Male,246.86.248.41
820,Bonny,Gornal,bgornalmr@delicious.com,Female,243.114.243.75
821,Annmaria,Jedrzejewicz,ajedrzejewiczms@eepurl.com,Female,8.154.237.94
822,Denna,Lambrecht,dlambrechtmt@dell.com,Female,19.63.98.219
823,Calhoun,Edinborough,cedinboroughmu@scientificamerican.com,Male,129.64.61.139
824,Nicholle,Dryden,ndrydenmv@icq.com,Female,95.2.161.107
825,Georgine,Laing,glaingmw@techcrunch.com,Female,243.54.135.119
826,Georgena,Cassius,gcassiusmx@ucsd.edu,Female,161.238.76.71
827,Domenico,Borth,dborthmy@stanford.edu,Male,5.126.157.99
828,Lonnard,Hartwright,lhartwrightmz@opensource.org,Male,187.251.170.191
829,Marijo,Trendle,mtrendlen0@youtu.be,Female,180.78.69.243
830,Jarrett,Roset,jrosetn1@nhs.uk,Male,10.136.164.247
831,Llewellyn,Quye,lquyen2@theatlantic.com,Male,153.39.231.155
832,Cherye,Mapstone,cmapstonen3@sphinn.com,Female,168.189.186.114
833,Magnum,Gruczka,mgruczkan4@so-net.ne.jp,Male,143.176.5.236
834,Nichole,Chuney,nchuneyn5@elegantthemes.com,Male,191.178.223.224
835,Chadwick,Petters,cpettersn6@acquirethisname.com,Male,217.42.149.23
836,Dody,Bellamy,dbellamyn7@bbc.co.uk,Female,181.105.50.122
837,Stillmann,Angerstein,sangersteinn8@go.com,Male,93.23.91.77
838,Tabbie,Petrasek,tpetrasekn9@pbs.org,Male,1.136.164.149
839,Yvonne,Riha,yrihana@skyrock.com,Female,242.184.81.177
840,Dunc,O' Byrne,dobyrnenb@blogspot.com,Male,77.6.174.3
841,Ethelbert,Tudball,etudballnc@github.com,Male,69.130.121.185
842,Cathlene,Levesley,clevesleynd@timesonline.co.uk,Female,5.4.39.190
843,Armand,Scrange,ascrangene@liveinternet.ru,Male,40.173.163.101
844,Sigismond,Vawton,svawtonnf@zdnet.com,Male,129.50.110.104
845,Britta,Coddrington,bcoddringtonng@arstechnica.com,Female,16.86.220.110
846,Karlotta,Cardero,kcarderonh@comcast.net,Female,182.16.66.76
847,Alexei,Merrywether,amerrywetherni@webnode.com,Male,184.245.164.79
848,Ruprecht,Ivakhin,rivakhinnj@harvard.edu,Male,157.211.80.214
849,Frasier,Champney,fchampneynk@ask.com,Male,218.150.88.240
850,Lauren,D'Adda,ldaddanl@smugmug.com,Female,89.69.1.61
851,Joby,Monier,jmoniernm@e-recht24.de,Female,177.241.183.54
852,Adria,Demongeot,ademongeotnn@so-net.ne.jp,Female,140.132.173.91
853,Hilliary,Downe,hdowneno@prweb.com,Female,16.130.152.96
854,Merell,Ariss,marissnp@umn.edu,Male,122.189.188.35
855,Giordano,Helstrom,ghelstromnq@fc2.com,Male,141.225.182.0
856,Pinchas,Stolz,pstolznr@google.de,Male,194.16.126.212
857,Shauna,Goulbourne,sgoulbournens@army.mil,Female,149.173.55.221
858,Gennie,Biernacki,gbiernackint@twitter.com,Female,105.74.52.88
859,Camella,Wilbore,cwilborenu@java.com,Female,42.178.93.173
860,Dori,Manilo,dmanilonv@about.com,Female,103.39.164.125
861,Wini,Killbey,wkillbeynw@reuters.com,Female,54.220.106.17
862,Abbi,Somerville,asomervillenx@wunderground.com,Female,243.174.18.107
863,Merv,Sallows,msallowsny@google.cn,Male,121.204.41.130
864,Sigismondo,Ilyin,silyinnz@fda.gov,Male,217.105.128.18
865,Garwin,Bettridge,gbettridgeo0@cornell.edu,Male,28.224.107.115
866,Bobbi,Arnholz,barnholzo1@infoseek.co.jp,Female,235.207.16.68
867,Devland,MacLaverty,dmaclavertyo2@nsw.gov.au,Male,59.12.68.136
868,Fidelity,Precious,fpreciouso3@dropbox.com,Female,119.126.168.120
869,Rriocard,Doodson,rdoodsono4@about.com,Male,97.68.236.204
870,Bartel,Eayres,beayreso5@washingtonpost.com,Male,116.217.133.206
871,Harold,McCamish,hmccamisho6@ning.com,Male,80.138.16.191
872,Horatius,Davisson,hdavissono7@ca.gov,Male,90.241.213.28
873,Jim,Kleinberer,jkleinberero8@topsy.com,Male,163.149.40.79
874,Crystal,Skala,cskalao9@europa.eu,Female,68.96.238.94
875,Beverlie,Hars,bharsoa@china.com.cn,Female,197.67.88.196
876,Eugenie,Brooking,ebrookingob@issuu.com,Female,78.238.201.234
877,Angele,Soan,asoanoc@hhs.gov,Female,15.24.234.27
878,Justina,Derks,jderksod@dion.ne.jp,Female,164.11.19.36
879,Melody,Chanders,mchandersoe@trellian.com,Female,144.49.205.36
880,Barnie,Byles,bbylesof@cbc.ca,Male,139.38.34.165
881,Guilbert,Botton,gbottonog@time.com,Male,178.211.80.149
882,Lillis,Riordan,lriordanoh@bloglovin.com,Female,190.53.201.184
883,Gabi,Merryfield,gmerryfieldoi@domainmarket.com,Male,205.14.185.198
884,Robinetta,Lawful,rlawfuloj@github.com,Female,105.8.227.236
885,Alexandrina,Neising,aneisingok@engadget.com,Female,24.196.171.223
886,Diandra,Budgeon,dbudgeonol@slate.com,Female,6.207.2.63
887,Spike,Jeanes,sjeanesom@economist.com,Male,67.247.63.246
888,Marja,Aylen,maylenon@scribd.com,Female,72.247.182.147
889,Margette,Goreway,mgorewayoo@furl.net,Female,152.164.157.20
890,Alix,Clowton,aclowtonop@upenn.edu,Male,16.114.13.242
891,Katalin,Yoskowitz,kyoskowitzoq@sciencedaily.com,Female,28.186.32.80
892,Timofei,Rizzi,trizzior@lulu.com,Male,70.243.64.229
893,Emery,Flemmich,eflemmichos@unblog.fr,Male,27.30.198.29
894,Jody,Callander,jcallanderot@cargocollective.com,Female,51.116.69.27
895,Rudolf,Weekland,rweeklandou@webmd.com,Male,220.94.31.115
896,Lilla,Jefferies,ljefferiesov@last.fm,Female,33.238.238.114
897,Paxon,Farden,pfardenow@github.io,Male,97.38.215.23
898,Berri,Lowten,blowtenox@behance.net,Female,185.24.235.233
899,Sim,Tipling,stiplingoy@webeden.co.uk,Male,162.26.53.6
900,Yettie,Andreassen,yandreassenoz@ucsd.edu,Female,78.124.188.242
901,Hartley,Poyle,hpoylep0@trellian.com,Male,129.168.208.190
902,Melba,Gilliver,mgilliverp1@list-manage.com,Female,231.77.226.197
903,Rudyard,Roelofs,rroelofsp2@statcounter.com,Male,85.223.227.52
904,Barbey,Longwood,blongwoodp3@java.com,Female,139.123.248.14
905,Adamo,Rotchell,arotchellp4@miitbeian.gov.cn,Male,224.195.121.65
906,Sileas,Graalman,sgraalmanp5@nationalgeographic.com,Female,181.75.81.29
907,Filmer,Bende,fbendep6@wordpress.com,Male,35.143.141.247
908,Allsun,Ibel,aibelp7@opensource.org,Female,142.201.35.187
909,Salomo,Grasner,sgrasnerp8@sourceforge.net,Male,52.214.216.234
910,Damara,Buttery,dbutteryp9@themeforest.net,Female,168.220.206.82
911,Aggy,Kelwick,akelwickpa@wisc.edu,Female,255.229.60.36
912,Alix,Merman,amermanpb@apple.com,Male,184.217.136.189
913,Davie,Chellingworth,dchellingworthpc@nasa.gov,Male,196.25.148.167
914,Perl,Artin,partinpd@google.de,Female,82.9.230.180
915,Jere,Breckwell,jbreckwellpe@wix.com,Female,184.210.221.231
916,Boycey,Rikkard,brikkardpf@umn.edu,Male,131.166.252.119
917,Erinn,Waistell,ewaistellpg@phpbb.com,Female,5.156.140.126
918,Manda,Valance,mvalanceph@hatena.ne.jp,Female,90.139.54.253
919,Franzen,Zanitti,fzanittipi@odnoklassniki.ru,Male,253.142.91.113
920,Hettie,Sommerfeld,hsommerfeldpj@youku.com,Female,82.97.56.127
921,Karney,Erb,kerbpk@archive.org,Male,242.144.194.47
922,Marty,Faust,mfaustpl@photobucket.com,Female,33.32.0.124
923,Rina,Beves,rbevespm@bbb.org,Female,82.192.218.25
924,Staffard,Dinnage,sdinnagepn@bravesites.com,Male,153.254.194.104
925,Irena,Blamires,iblamirespo@de.vu,Female,202.244.171.195
926,Kym,Abramamov,kabramamovpp@kickstarter.com,Female,73.97.30.10
927,Nev,Worthing,nworthingpq@princeton.edu,Male,122.64.248.126
928,Garnette,Cowin,gcowinpr@google.de,Female,10.112.79.156
929,Simmonds,O'Lunney,solunneyps@arstechnica.com,Male,198.18.28.221
930,Roxie,Physic,rphysicpt@howstuffworks.com,Female,214.50.169.9
931,Marilee,Orans,moranspu@elegantthemes.com,Female,222.11.158.96
932,Walsh,Standingford,wstandingfordpv@shinystat.com,Male,246.175.53.223
933,Giulietta,Bloxsom,gbloxsompw@google.es,Female,245.87.2.161
934,Nickie,Sturley,nsturleypx@marriott.com,Female,100.169.213.71
935,Delila,Irnys,dirnyspy@rediff.com,Female,115.116.83.112
936,Vonni,Papen,vpapenpz@buzzfeed.com,Female,103.60.204.110
937,Jorry,Lindl,jlindlq0@ucla.edu,Female,113.249.47.207
938,Maurits,D'eye,mdeyeq1@irs.gov,Male,164.200.230.36
939,Zacherie,Tailour,ztailourq2@de.vu,Male,107.28.91.9
940,Ellery,Marti,emartiq3@goodreads.com,Male,246.89.99.77
941,Esma,D'Abbot-Doyle,edabbotdoyleq4@bigcartel.com,Female,168.157.226.49
942,Nathanial,Crann,ncrannq5@cdbaby.com,Male,124.30.202.103
943,Madelyn,Boeter,mboeterq6@tuttocitta.it,Female,252.83.194.80
944,Gregoor,Hearle,ghearleq7@pcworld.com,Male,193.61.70.111
945,Kiel,Lescop,klescopq8@unicef.org,Male,142.59.236.78
946,Robinson,Bridgwood,rbridgwoodq9@wunderground.com,Male,29.138.144.187
947,Klement,Joannic,kjoannicqa@yelp.com,Male,245.164.58.0
948,Linea,Blincko,lblinckoqb@archive.org,Female,17.209.14.113
949,Blake,Lehon,blehonqc@reference.com,Male,85.233.122.90
950,Thaddeus,Muir,tmuirqd@behance.net,Male,55.103.27.70
951,Nickola,Bakey,nbakeyqe@google.ca,Male,58.201.23.197
952,Von,Benet,vbenetqf@dedecms.com,Male,255.238.227.53
953,Anne-marie,Collison,acollisonqg@mapquest.com,Female,90.23.213.23
954,Amelina,Moatt,amoattqh@china.com.cn,Female,201.156.195.111
955,Karole,Clavey,kclaveyqi@google.de,Female,72.131.115.93
956,Hildegaard,Barnish,hbarnishqj@over-blog.com,Female,181.90.167.44
957,Ivan,Stutely,istutelyqk@histats.com,Male,30.173.105.138
958,Morena,Maskill,mmaskillql@parallels.com,Female,52.97.249.231
959,Sibel,Munning,smunningqm@berkeley.edu,Female,214.252.41.106
960,Alysia,Winham,awinhamqn@wunderground.com,Female,7.114.124.5
961,Pammie,Woolaghan,pwoolaghanqo@virginia.edu,Female,61.222.47.107
962,Tabina,Miskin,tmiskinqp@nsw.gov.au,Female,83.185.49.51
963,Kort,Paszak,kpaszakqq@jugem.jp,Male,13.169.253.19
964,Perrine,Mcwhinnie,pmcwhinnieqr@cnn.com,Female,4.205.120.197
965,Lois,De Haven,ldehavenqs@aol.com,Female,45.55.51.236
966,Evan,Tippin,etippinqt@godaddy.com,Male,71.59.170.249
967,Cinda,Perdue,cperduequ@twitpic.com,Female,171.40.100.160
968,Leonhard,Czapla,lczaplaqv@opera.com,Male,247.191.122.15
969,Mohandis,Brickdale,mbrickdaleqw@boston.com,Male,166.41.19.161
970,Shir,De Rye Barrett,sderyebarrettqx@businessinsider.com,Female,132.204.218.20
971,Kaye,Buglass,kbuglassqy@edublogs.org,Female,142.70.153.76
972,Wendell,Korf,wkorfqz@geocities.jp,Male,120.201.114.103
973,Shep,Lavallin,slavallinr0@over-blog.com,Male,72.208.28.128
974,Sunshine,Risom,srisomr1@pagesperso-orange.fr,Female,182.137.55.130
975,Legra,Klimecki,lklimeckir2@jalbum.net,Female,187.161.74.229
976,Jimmy,Nardi,jnardir3@yellowbook.com,Male,163.159.12.131
977,Boone,Nunns,bnunnsr4@purevolume.com,Male,85.233.91.22
978,Fields,Sutheran,fsutheranr5@google.fr,Male,248.77.170.183
979,Jacquie,Busby,jbusbyr6@loc.gov,Female,218.228.85.177
980,Harrie,Corps,hcorpsr7@utexas.edu,Female,151.97.240.210
981,Lucita,O'Doireidh,lodoireidhr8@123-reg.co.uk,Female,160.217.32.95
982,Moore,Pleven,mplevenr9@wordpress.com,Male,20.128.21.128
983,Karla,Opy,kopyra@slashdot.org,Female,48.254.254.181
984,Nessi,Linsay,nlinsayrb@rambler.ru,Female,58.154.135.250
985,Griffith,Berzins,gberzinsrc@chronoengine.com,Male,89.80.22.141
986,Nowell,Pawelke,npawelkerd@shutterfly.com,Male,56.11.20.212
987,Shayne,Passion,spassionre@vimeo.com,Female,156.78.110.60
988,Hazel,Turrill,hturrillrf@cpanel.net,Male,178.229.22.71
989,Bancroft,Braidwood,bbraidwoodrg@springer.com,Male,160.156.77.136
990,Hyatt,Ruberti,hrubertirh@msn.com,Male,198.138.234.138
991,Immanuel,Cattini,icattiniri@so-net.ne.jp,Male,192.14.250.144
992,Elie,Littlepage,elittlepagerj@cornell.edu,Female,148.140.119.250
993,Lebbie,Lethardy,llethardyrk@histats.com,Female,155.84.136.6
994,Armando,Stormonth,astormonthrl@printfriendly.com,Male,111.116.70.178
995,Sasha,Staves,sstavesrm@diigo.com,Female,228.214.62.217
996,Adel,Gaynsford,agaynsfordrn@wufoo.com,Female,117.36.53.109
997,Tristam,Ridsdell,tridsdellro@devhub.com,Male,250.209.100.47
998,Adam,Ruos,aruosrp@ow.ly,Male,39.8.154.231
999,Armstrong,Cheales,achealesrq@upenn.edu,Male,25.125.243.172
1000,Gerik,Kemell,gkemellrr@bloglovin.com,Male,32.12.202.186
